Main Office Country,Main Office State Province,Main Office City,Count of Main Office State Province
Canada,Alberta,Calgary,11
Canada,Alberta,Edmonton,2
Canada,British Columbia,Burnaby,5
Canada,British Columbia,Richmond,6
Canada,British Columbia,Surrey,1
Canada,British Columbia,Vancouver,4
Canada,British Columbia,Victoria,1
Canada,Brunswick,Saint John,1
Canada,Manitoba,Winnipeg,1
Canada,Ontario,Aurora,1
Canada,Ontario,Barrie,1
Canada,Ontario,Brampton,1
Canada,Ontario,Chalk Riber,1
Canada,Ontario,Etobicoke,2
Canada,Ontario,Kanata,1
Canada,Ontario,Kingston,2
Canada,Ontario,Markham,1
Canada,Ontario,Mississauga,6
Canada,Ontario,Nepean,1
